City_ID,City,Country,Date,Lat,Lng,Max Temp,Humidity,Cloudiness,Wind Speed
0,Mahebourg,MU,2022-12-07 23:25:34,-20.4081,57.7,298.31,83,75,5.66
1,Rikitea,PF,2022-12-07 23:25:34,-23.1203,-134.9692,297.38,78,16,8.84
2,Valvedditturai,LK,2022-12-07 23:25:35,9.8167,80.1667,298.91,65,100,9.3
3,Saint-Philippe,RE,2022-12-07 23:25:35,-21.3585,55.7679,296.92,87,38,6.98
4,Santa Cruz Cabralia,BR,2022-12-07 23:25:36,-16.2781,-39.0247,298.28,88,40,3.6
5,Hastings,GB,2022-12-07 23:25:36,50.8552,0.5729,274.7,87,32,3.1
6,Atuona,PF,2022-12-07 23:21:42,-9.8,-139.0333,298.54,77,11,8.17
7,Ushuaia,AR,2022-12-07 23:25:37,-54.8,-68.3,280.96,49,40,9.77
8,Lebu,CL,2022-12-07 23:25:38,-37.6167,-73.65,289.11,97,94,6.23
9,Ribeira Grande,PT,2022-12-07 23:25:39,38.5167,-28.7,287.37,88,40,2.57
10,Kapaa,US,2022-12-07 23:25:39,22.0752,-159.319,302.14,79,75,8.23
11,Cape Town,ZA,2022-12-07 23:24:50,-33.9258,18.4232,292.38,80,0,6.17
12,Iranshahr,IR,2022-12-07 23:25:40,27.2025,60.6848,290.01,43,0,0.24
13,Jamestown,US,2022-12-07 23:25:41,42.097,-79.2353,279.95,78,100,3.09
14,Saskylakh,RU,2022-12-07 23:24:23,71.9167,114.0833,239.91,99,99,2.29
15,Thai Binh,VN,2022-12-07 23:25:42,20.45,106.3333,290.5,78,100,2.22
16,Bredasdorp,ZA,2022-12-07 23:25:42,-34.5322,20.0403,289.47,90,60,1.58
17,Tahta,EG,2022-12-07 23:25:43,26.7693,31.5021,288.35,53,0,2.31
18,Chokurdakh,RU,2022-12-07 23:25:44,70.6333,147.9167,248.91,97,100,3.48
19,Sao Filipe,CV,2022-12-07 23:25:44,14.8961,-24.4956,297.19,78,14,2.95
20,Port Alfred,ZA,2022-12-07 23:25:45,-33.5906,26.891,293.25,93,53,2.24
21,College,US,2022-12-07 23:25:46,64.8569,-147.8028,266.43,89,100,0.45
22,Albany,US,2022-12-07 23:21:51,42.6001,-73.9662,286.61,92,100,0.45
23,Thompson,CA,2022-12-07 23:25:46,55.7435,-97.8558,245.24,76,75,2.06
24,Pevek,RU,2022-12-07 23:25:47,69.7008,170.3133,251.3,93,100,1.32
25,Hermanus,ZA,2022-12-07 23:25:47,-34.4187,19.2345,288.6,87,42,4.06
26,Puerto Ayora,EC,2022-12-07 23:25:48,-0.7393,-90.3518,295.12,91,14,1.34
27,Tasiilaq,GL,2022-12-07 23:25:49,65.6145,-37.6368,269.24,74,96,1.52
28,Rocha,UY,2022-12-07 23:25:49,-34.4833,-54.3333,294.31,59,0,5.49
29,Barrow,US,2022-12-07 23:25:50,71.2906,-156.7887,263.16,85,100,5.66
30,New Norfolk,AU,2022-12-07 23:25:50,-42.7826,147.0587,285.87,60,100,1.34
31,Punta Arenas,CL,2022-12-07 23:22:29,-53.15,-70.9167,281.21,61,0,7.72
32,Bluff,NZ,2022-12-07 23:25:51,-46.6,168.3333,290.82,65,100,2.68
33,Hovd,MN,2022-12-07 23:25:52,48.0056,91.6419,253.77,80,44,1.73
34,Fortuna,US,2022-12-07 23:21:48,40.5982,-124.1573,286.44,73,100,1.34
35,Bacolod,PH,2022-12-07 23:25:53,10.6667,122.95,298.69,83,96,4.03
36,Qaanaaq,GL,2022-12-07 23:25:53,77.484,-69.3632,262.02,67,83,3.76
37,Kodiak,US,2022-12-07 23:25:54,57.79,-152.4072,272.88,43,20,13.38
38,Mataura,NZ,2022-12-07 23:25:54,-46.1927,168.8643,290.64,47,100,1.87
39,Oranjemund,NA,2022-12-07 23:25:55,-28.55,16.4333,288.32,93,0,2.02
40,Deputatskiy,RU,2022-12-07 23:25:55,69.3,139.9,243.64,97,100,2.66
41,Porbandar,IN,2022-12-07 23:25:56,21.6422,69.6093,295.47,46,0,4.49
42,Den Helder,NL,2022-12-07 23:25:56,52.9599,4.7593,278.7,82,75,6.26
43,Cherskiy,RU,2022-12-07 23:25:57,68.75,161.3,240.66,97,37,2.43
44,Tuktoyaktuk,CA,2022-12-07 23:26:58,69.4541,-133.0374,248.15,70,40,6.69
45,Camacha,PT,2022-12-07 23:26:58,33.0833,-16.3333,290.83,55,20,8.75
46,Khotynets,RU,2022-12-07 23:26:59,53.1286,35.3966,266.28,94,100,6.93
47,Kohat,PK,2022-12-07 23:26:59,33.582,71.4493,282.19,37,1,1.25
48,Tiksi,RU,2022-12-07 23:27:00,71.6872,128.8694,250.52,100,100,4.49
49,Castro,BR,2022-12-07 23:27:01,-24.7911,-50.0119,293.27,72,0,2.57
50,Kualakapuas,ID,2022-12-07 23:27:02,-3.0091,114.3876,297.28,92,96,0.91
51,Butaritari,KI,2022-12-07 23:27:02,3.0707,172.7902,299.88,81,74,5.6
52,Charlestown,AU,2022-12-07 23:27:03,-32.95,151.6667,298.16,50,1,3.58
53,Naryan-Mar,RU,2022-12-07 23:27:03,67.6713,53.087,264.33,92,97,6.67
54,Karratha,AU,2022-12-07 23:27:04,-20.7377,116.8463,298.87,49,1,6.68
55,Shizunai,JP,2022-12-07 23:27:05,42.3339,142.3669,274.53,65,98,4.59
56,Mar Del Plata,AR,2022-12-07 23:24:40,-38.0023,-57.5575,300.16,68,0,7.6
57,Lundazi,ZM,2022-12-07 23:27:06,-12.2929,33.1782,293.23,68,88,2.95
58,Saint-Georges,GD,2022-12-07 23:27:06,12.0564,-61.7485,299.97,74,20,2.06
59,Salalah,OM,2022-12-07 23:27:07,17.0151,54.0924,298.2,69,75,2.06
60,Benguela,AO,2022-12-07 23:27:08,-12.5763,13.4055,297.81,82,77,1.64
61,Wattegama,LK,2022-12-07 23:27:08,6.7989,81.4808,294.86,78,100,0.49
62,Vaini,TO,2022-12-07 23:27:09,-21.2,-175.2,302.24,74,40,2.06
63,Atar,MR,2022-12-07 23:27:09,20.5169,-13.0499,298.82,31,94,0.34
64,Meulaboh,ID,2022-12-07 23:27:10,4.1363,96.1285,296.79,90,100,1.81
65,Haines Junction,CA,2022-12-07 23:27:10,60.7522,-137.5108,266.12,86,100,0.0
66,Mount Isa,AU,2022-12-07 23:27:11,-20.7333,139.5,308.02,20,4,4.12
67,Buraydah,SA,2022-12-07 23:27:11,26.326,43.975,289.4,62,44,4.65
68,Port Shepstone,ZA,2022-12-07 23:27:12,-30.7414,30.455,294.68,79,34,2.55
69,Port Elizabeth,ZA,2022-12-07 23:27:13,-33.918,25.5701,292.77,91,20,6.17
70,Coquimbo,CL,2022-12-07 23:27:13,-29.9533,-71.3436,290.0,88,20,4.63
71,Bubaque,GW,2022-12-07 23:27:14,11.2833,-15.8333,300.13,72,0,6.54
72,Hilo,US,2022-12-07 23:27:15,19.7297,-155.09,299.42,93,100,5.66
73,Shache,CN,2022-12-07 23:27:15,38.4167,77.2406,267.07,40,52,1.15
74,Moose Factory,CA,2022-12-07 23:27:16,51.2585,-80.6094,255.15,78,0,3.6
75,Mount Gambier,AU,2022-12-07 23:27:16,-37.8333,140.7667,285.12,54,82,4.7
76,Vestmannaeyjar,IS,2022-12-07 23:27:17,63.4427,-20.2734,274.68,68,94,2.97
77,Roccastrada,IT,2022-12-07 23:27:18,43.0099,11.1665,281.62,90,100,1.17
78,Dicabisagan,PH,2022-12-07 23:27:19,17.0818,122.4157,297.91,90,100,2.16
79,Ancud,CL,2022-12-07 23:27:19,-41.8697,-73.8203,287.85,80,58,9.19
80,Marsa Matruh,EG,2022-12-07 23:27:20,31.3525,27.2453,290.18,49,3,6.0
81,Arraial Do Cabo,BR,2022-12-07 23:22:55,-22.9661,-42.0278,296.13,94,75,1.03
82,Faya,SA,2022-12-07 23:27:21,18.3851,42.4509,284.44,67,21,1.0
83,Yellowknife,CA,2022-12-07 23:24:41,62.456,-114.3525,242.44,76,40,2.06
84,Faanui,PF,2022-12-07 23:27:22,-16.4833,-151.75,300.06,78,100,8.69
85,Victoria,HK,2022-12-07 23:26:47,22.2855,114.1577,292.18,82,73,4.47
86,Wagrowiec,PL,2022-12-07 23:28:23,52.8084,17.1996,273.33,84,83,6.66
87,Trincomalee,LK,2022-12-07 23:28:23,8.5711,81.2335,294.43,78,100,10.75
88,Lasa,IT,2022-12-07 23:28:24,46.6166,10.7002,271.64,81,31,0.85
89,Alanya,TR,2022-12-07 23:26:20,36.5438,31.9998,285.22,72,100,2.18
90,Cidreira,BR,2022-12-07 23:28:25,-30.1811,-50.2056,294.3,89,0,3.26
91,Burnie,AU,2022-12-07 23:28:12,-41.0667,145.9167,282.56,57,7,7.12
92,Ponta Do Sol,PT,2022-12-07 23:28:25,32.6667,-17.1,291.88,87,29,6.86
93,Kargasok,RU,2022-12-07 23:28:26,59.0556,80.8572,258.33,90,100,5.68
94,Guerrero Negro,MX,2022-12-07 23:28:26,27.9769,-114.0611,291.13,57,2,7.79
95,Yomou,GN,2022-12-07 23:28:27,7.5603,-9.2653,294.92,90,15,0.84
96,Visby,SE,2022-12-07 23:27:05,57.6409,18.296,275.27,75,100,8.75
97,Lamar,US,2022-12-07 23:28:28,33.6668,-95.5836,292.95,96,100,1.54
98,Cockburn Town,TC,2022-12-07 23:24:33,21.4612,-71.1419,298.43,61,7,8.04
99,Poshekhonye,RU,2022-12-07 23:28:29,58.4993,39.1353,263.63,76,5,5.93
100,Katsuura,JP,2022-12-07 23:28:29,35.1333,140.3,284.37,68,0,2.2
101,Ponta Delgada,PT,2022-12-07 23:28:30,37.7333,-25.6667,288.55,82,40,5.14
102,Khatanga,RU,2022-12-07 23:28:30,71.9667,102.5,239.92,89,6,5.25
103,Tanda,IN,2022-12-07 23:28:31,26.55,82.65,286.18,44,25,1.8
104,Almonte,ES,2022-12-07 23:28:32,37.2647,-6.5167,287.19,97,100,5.76
105,Skibbereen,IE,2022-12-07 23:28:32,51.55,-9.2667,275.43,87,2,2.86
106,Kaitangata,NZ,2022-12-07 23:28:33,-46.2817,169.8464,291.3,55,100,4.45
107,Qobustan,AZ,2022-12-07 23:28:33,40.0824,49.412,278.71,90,100,2.89
108,Fare,PF,2022-12-07 23:28:34,-16.7,-151.0167,300.38,74,100,8.79
109,Kasongo-Lunda,CD,2022-12-07 23:28:34,-6.4667,16.8167,292.13,92,100,0.54
110,Valverde Del Camino,ES,2022-12-07 23:28:35,37.5751,-6.7543,287.06,98,100,6.36
111,Daru,PG,2022-12-07 23:28:07,-9.0763,143.2092,302.28,69,100,1.88
112,San Cristobal,VE,2022-12-07 23:28:36,7.7669,-72.225,293.25,94,40,1.45
113,Prince George,CA,2022-12-07 23:28:36,53.9166,-122.753,272.73,87,0,4.63
114,Klaksvik,FO,2022-12-07 23:28:37,62.2266,-6.589,273.66,73,100,13.1
115,Upernavik,GL,2022-12-07 23:28:37,72.7868,-56.1549,268.2,78,100,12.36
116,Tessalit,ML,2022-12-07 23:28:38,20.1986,1.0114,297.06,16,0,5.57
117,Hailar,CN,2022-12-07 23:28:38,49.2,119.7,255.85,94,7,4.88
118,Snezhnogorsk,RU,2022-12-07 23:28:39,69.1933,33.2531,267.03,98,69,2.38
119,Altay,CN,2022-12-07 23:28:39,47.8667,88.1167,256.21,87,100,2.47
120,Bambous Virieux,MU,2022-12-07 23:28:40,-20.3428,57.7575,298.29,83,75,5.66
121,Sao Joao Da Barra,BR,2022-12-07 23:28:41,-21.6403,-41.0511,297.2,94,100,4.8
122,Hammerfest,NO,2022-12-07 23:28:41,70.6634,23.6821,272.4,100,100,3.09
123,Whittier,US,2022-12-07 23:28:42,33.9792,-118.0328,290.8,57,40,4.63
124,Severobaykalsk,RU,2022-12-07 23:28:42,55.65,109.3167,258.67,72,96,3.18
125,Nouadhibou,MR,2022-12-07 23:28:43,20.931,-17.0347,292.14,88,0,3.09
126,Altagracia De Orituco,VE,2022-12-07 23:28:43,9.8601,-66.3814,294.38,88,99,2.8
127,Palmer,US,2022-12-07 23:26:16,42.1584,-72.3287,287.38,87,100,3.09
128,Aklavik,CA,2022-12-07 23:28:44,68.2191,-135.0107,245.15,69,40,5.14
129,Busselton,AU,2022-12-07 23:28:45,-33.65,115.3333,290.14,72,53,2.81
130,Kavieng,PG,2022-12-07 23:28:45,-2.5744,150.7967,301.12,76,86,3.01
131,Alofi,NU,2022-12-07 23:28:46,-19.0595,-169.9187,303.09,70,75,4.63
132,Clyde River,CA,2022-12-07 23:28:01,70.4692,-68.5914,255.28,71,0,4.63
133,Miles City,US,2022-12-07 23:28:46,46.4083,-105.8406,262.69,79,0,1.54
134,Lompoc,US,2022-12-07 23:29:47,34.6391,-120.4579,288.62,68,0,4.63
135,Bilibino,RU,2022-12-07 23:29:48,68.0546,166.4372,239.16,99,51,2.09
136,Tura,IN,2022-12-07 23:29:48,25.5198,90.2201,288.06,88,27,1.63
137,Kemi,FI,2022-12-07 23:29:49,65.8596,24.8228,263.02,85,40,1.54
138,Bafoulabe,ML,2022-12-07 23:29:50,13.8065,-10.8321,302.85,20,0,2.49
139,Kieta,PG,2022-12-07 23:29:50,-6.2167,155.6333,302.07,70,99,1.73
140,Adrar,MR,2022-12-07 23:29:52,20.5022,-10.0711,298.87,34,69,0.96
141,Cayenne,GF,2022-12-07 23:29:52,4.9333,-52.3333,299.17,89,0,3.6
142,Geraldton,AU,2022-12-07 23:28:47,-28.7667,114.6,294.38,68,75,6.69
143,Marawi,PH,2022-12-07 23:29:53,7.9986,124.2928,293.98,93,93,0.64
144,Rize,TR,2022-12-07 23:29:53,40.9044,40.8949,272.37,60,36,2.91
145,Gazojak,TM,2022-12-07 23:29:54,41.1875,61.4036,267.3,51,1,4.51
146,Paragominas,BR,2022-12-07 23:29:54,-2.9667,-47.4833,298.62,77,64,0.28
147,Samarai,PG,2022-12-07 23:29:55,-10.6167,150.6667,301.06,76,100,1.66
148,Touros,BR,2022-12-07 23:26:23,-5.1989,-35.4608,299.35,78,42,6.43
149,Rancharia,BR,2022-12-07 23:29:56,-22.2292,-50.8931,296.87,85,17,1.21
150,Szczytno,PL,2022-12-07 23:29:57,53.5626,20.9875,273.11,86,100,5.14
151,Pokosnoye,RU,2022-12-07 23:29:57,55.5258,101.0536,260.85,86,100,5.75
152,Mehamn,NO,2022-12-07 23:29:58,71.0357,27.8492,275.1,92,99,9.99
153,Pechenga,RU,2022-12-07 23:29:58,69.5259,31.1703,263.83,98,84,1.29
154,Lappeenranta,FI,2022-12-07 23:29:59,61.0587,28.1887,269.14,92,100,4.12
155,Bathsheba,BB,2022-12-07 23:29:59,13.2167,-59.5167,298.18,87,20,3.09
156,Kilindoni,TZ,2022-12-07 23:27:17,-7.9139,39.6668,300.07,80,1,5.03
157,Ust-Kuyga,RU,2022-12-07 23:30:00,70.0167,135.6,242.59,99,100,2.48
158,Ubatuba,BR,2022-12-07 23:30:01,-23.4339,-45.0711,296.77,93,81,1.08
159,Moranbah,AU,2022-12-07 23:30:01,-22.0016,148.0466,308.77,20,1,6.62
160,Srednekolymsk,RU,2022-12-07 23:30:02,67.45,153.6833,231.19,100,26,0.28
161,Sola,VU,2022-12-07 23:30:02,-13.8833,167.55,303.52,74,55,0.0
162,Motril,ES,2022-12-07 23:30:03,36.7507,-3.5179,288.73,92,100,1.75
163,San Patricio,US,2022-12-07 23:30:04,28.017,-97.5169,299.07,86,18,6.23
164,Soria,ES,2022-12-07 23:28:35,41.6667,-2.6667,279.18,91,77,1.96
165,Maturin,VE,2022-12-07 23:30:05,9.75,-63.1767,299.06,78,100,2.06
166,Trollhattan,SE,2022-12-07 23:30:05,58.2333,12.4167,265.6,85,41,2.57
167,Qarqin,AF,2022-12-07 23:30:06,37.4185,66.0436,275.74,62,98,1.4
168,Jumla,NP,2022-12-07 23:30:07,29.2747,82.1838,276.16,24,0,2.39
169,Douentza,ML,2022-12-07 23:30:07,14.9951,-2.9517,297.83,16,0,1.89
170,Hobart,AU,2022-12-07 23:30:02,-42.8794,147.3294,282.19,76,100,5.77
171,Carnarvon,AU,2022-12-07 23:30:08,-24.8667,113.6333,295.69,59,57,6.07
172,Vao,NC,2022-12-07 23:30:08,-22.6667,167.4833,297.58,82,84,3.47
173,Vila Franca Do Campo,PT,2022-12-07 23:30:09,37.7167,-25.4333,288.38,82,96,7.47
174,Portland,US,2022-12-07 23:25:36,45.5234,-122.6762,278.6,85,100,3.6
175,Oyama,JP,2022-12-07 23:30:10,36.3,139.8,281.25,48,0,2.35
176,Bandarban,BD,2022-12-07 23:30:10,22.1965,92.2262,288.05,91,76,1.14
177,Glendive,US,2022-12-07 23:30:11,47.1053,-104.7125,263.25,79,0,6.69
178,Awjilah,LY,2022-12-07 23:31:12,29.1081,21.2869,291.56,40,65,5.0
179,Oropesa,PE,2022-12-07 23:31:13,-13.5928,-71.7719,288.07,58,40,1.03
180,Asau,RO,2022-12-07 23:31:13,46.4333,26.4,275.66,90,100,2.15
181,Christchurch,NZ,2022-12-07 23:27:42,-43.5333,172.6333,292.77,52,100,12.35
182,Talnakh,RU,2022-12-07 23:31:14,69.4865,88.3972,247.15,100,86,2.21
183,Ahipara,NZ,2022-12-07 23:31:14,-35.1667,173.1667,290.15,82,94,6.42
184,Russkaya Polyana,UA,2022-12-07 23:31:15,49.417,31.9201,274.43,96,100,3.66
185,Kawambwa,ZM,2022-12-07 23:31:16,-9.7915,29.0791,289.88,88,53,1.04
186,Nikolskoye,RU,2022-12-07 23:31:16,59.7035,30.7861,268.1,88,100,5.58
187,Flin Flon,CA,2022-12-07 23:31:17,54.7682,-101.865,249.06,70,100,4.63
188,Ozinki,RU,2022-12-07 23:31:17,51.1786,49.6769,260.95,81,5,3.19
189,Vilcun,CL,2022-12-07 23:31:18,-38.65,-72.2333,289.56,99,96,3.47
190,Longyearbyen,SJ,2022-12-07 23:31:18,78.2186,15.6401,268.06,68,40,6.69
191,Saldanha,ZA,2022-12-07 23:31:19,-33.0117,17.9442,290.18,91,47,5.02
192,Tiznit,MA,2022-12-07 23:31:20,29.5833,-9.5,292.41,42,98,2.54
193,Sitka,US,2022-12-07 23:31:20,57.0531,-135.33,279.09,81,100,5.66
194,Yabassi,CM,2022-12-07 23:31:21,4.457,9.9682,296.8,97,99,0.31
195,Ampanihy,MG,2022-12-07 23:31:21,-24.7,44.75,297.37,77,8,0.88
196,San Quintin,MX,2022-12-07 23:29:35,30.4833,-115.95,289.53,53,24,7.16
197,Kefamenanu,ID,2022-12-07 23:31:22,-9.4467,124.4781,300.22,57,90,0.48
198,Charters Towers,AU,2022-12-07 23:31:23,-20.1,146.2667,305.69,28,5,4.68
199,Anadyr,RU,2022-12-07 23:31:23,64.75,177.4833,252.43,71,0,3.0
200,Hithadhoo,MV,2022-12-07 23:31:24,-0.6,73.0833,300.63,77,100,7.19
201,Berlevag,NO,2022-12-07 23:31:24,70.8578,29.0864,275.12,87,100,13.38
202,Anchorage,US,2022-12-07 23:27:52,61.2181,-149.9003,272.21,89,100,3.6
203,East London,ZA,2022-12-07 23:31:25,-33.0153,27.9116,293.62,91,19,4.94
204,Avarua,CK,2022-12-07 23:31:26,-21.2078,-159.775,301.18,74,20,4.63
205,Bethel,US,2022-12-07 23:31:26,41.3712,-73.414,287.6,89,100,2.06
206,Kruisfontein,ZA,2022-12-07 23:31:27,-34.0033,24.7314,290.52,77,82,3.71
207,Kahului,US,2022-12-07 23:31:28,20.8947,-156.47,300.35,71,40,10.29
208,Luderitz,NA,2022-12-07 23:31:28,-26.6481,15.1594,287.77,81,0,3.98
209,Waingapu,ID,2022-12-07 23:31:29,-9.6567,120.2641,301.12,66,95,0.37
210,Sabinas Hidalgo,MX,2022-12-07 23:31:29,26.5,-100.1667,295.8,70,65,1.79
211,Buala,SB,2022-12-07 23:31:30,-8.145,159.5921,302.69,68,97,1.55
212,Airai,TL,2022-12-07 23:31:31,-8.9266,125.4092,294.74,49,76,0.86
213,West Wendover,US,2022-12-07 23:31:32,40.7391,-114.0733,271.71,80,100,2.06
214,Georgetown,MY,2022-12-07 23:27:50,5.4112,100.3354,300.31,85,20,4.63
215,Port Augusta,AU,2022-12-07 23:31:33,-32.5,137.7667,291.78,32,0,5.86
216,Husavik,IS,2022-12-07 23:31:33,66.0449,-17.3389,269.75,69,100,3.15
217,Kantabanji,IN,2022-12-07 23:31:34,20.4833,82.9167,284.92,51,79,0.54
218,Narsaq,GL,2022-12-07 23:31:35,60.9167,-46.05,269.27,72,93,2.54
219,Kosa,RU,2022-12-07 23:31:35,59.9445,54.9977,263.6,76,100,3.72
220,Tandil,AR,2022-12-07 23:30:10,-37.3217,-59.1332,298.68,43,62,5.2
221,Neuquen,AR,2022-12-07 23:32:37,-38.9516,-68.0591,302.09,18,0,5.66
222,Port Macquarie,AU,2022-12-07 23:32:37,-31.4333,152.9167,300.31,61,26,3.93
223,Margate,GB,2022-12-07 23:32:38,51.3813,1.3862,275.76,86,30,1.79
224,Ostrovnoy,RU,2022-12-07 23:32:39,68.0531,39.5131,266.82,91,81,4.64
225,La Ronge,CA,2022-12-07 23:30:42,55.1001,-105.2842,252.29,71,75,1.54
226,Lazaro Cardenas,MX,2022-12-07 23:29:28,17.9583,-102.2,300.92,67,1,3.31
227,Tateyama,JP,2022-12-07 23:32:40,34.9833,139.8667,283.2,60,0,2.42
228,Chuy,UY,2022-12-07 23:32:41,-33.6971,-53.4616,292.11,88,1,4.67
229,Rawson,AR,2022-12-07 23:32:41,-43.3002,-65.1023,294.62,48,93,1.15
230,Port Hardy,CA,2022-12-07 23:30:45,50.6996,-127.4199,278.25,81,100,10.8
231,Zhanaozen,KZ,2022-12-07 23:32:42,43.3,52.8,265.85,58,13,5.92
232,Hit,IQ,2022-12-07 23:32:42,33.6416,42.8251,287.72,55,100,2.4
233,Nexo,DK,2022-12-07 23:32:43,55.0607,15.1306,274.2,84,99,7.05
234,Pisco,PE,2022-12-07 23:32:43,-13.7,-76.2167,293.18,83,20,6.69
235,Yelovo,RU,2022-12-07 23:32:44,57.0538,54.9207,255.23,97,83,3.0
236,Tual,ID,2022-12-07 23:30:54,-5.6667,132.75,301.58,69,98,1.49
237,Sembe,CG,2022-12-07 23:32:45,1.6481,14.5806,294.05,96,93,0.85
238,Omboue,GA,2022-12-07 23:30:18,-1.5746,9.2618,297.26,88,100,1.71
239,Ambilobe,MG,2022-12-07 23:32:04,-13.2,49.05,295.93,87,2,1.0
240,Teguldet,RU,2022-12-07 23:32:46,57.3064,88.1667,258.01,93,100,5.03
241,Shubarkuduk,KZ,2022-12-07 23:32:47,49.1447,56.4872,255.48,83,10,2.03
242,Imbituba,BR,2022-12-07 23:32:48,-28.24,-48.6703,292.75,89,0,2.72
243,Belmonte,BR,2022-12-07 23:32:48,-15.8631,-38.8828,297.39,89,68,2.95
244,Zavodouspenskoye,RU,2022-12-07 23:32:49,56.8626,65.0155,254.53,90,62,3.35
245,Vyshneve,UA,2022-12-07 23:32:50,50.3891,30.3705,272.62,93,100,2.36
246,Abu Samrah,SY,2022-12-07 23:32:50,35.3029,37.1841,285.35,72,100,1.5
247,Nyurba,RU,2022-12-07 23:32:51,63.2842,118.3319,233.42,100,84,1.06
248,Muros,ES,2022-12-07 23:32:52,42.7762,-9.0603,287.09,80,100,5.92
249,Rorvik,NO,2022-12-07 23:32:52,64.8621,11.2373,271.21,74,20,4.63
250,Coihaique,CL,2022-12-07 23:32:53,-45.5752,-72.0662,288.12,67,75,2.57
251,Chissamba,AO,2022-12-07 23:32:53,-12.1667,17.3333,289.28,94,100,2.08
252,Faranah,GN,2022-12-07 23:32:54,10.0404,-10.7434,296.31,39,2,0.4
253,Hervey Bay,AU,2022-12-07 23:32:54,-25.2986,152.8535,299.67,75,58,8.81
254,Neiafu,TO,2022-12-07 23:32:55,-18.65,-173.9833,303.53,74,75,4.63
255,Los Llanos De Aridane,ES,2022-12-07 23:32:55,28.6585,-17.9182,293.01,90,20,4.63
256,Petropavlovsk-Kamchatskiy,RU,2022-12-07 23:32:56,53.0452,158.6483,265.48,93,100,2.0
257,Kamenka,RU,2022-12-07 23:32:56,51.3223,42.7678,262.63,66,3,6.39
258,Ca Mau,VN,2022-12-07 23:32:57,9.1769,105.15,297.36,94,99,3.21
259,Matara,LK,2022-12-07 23:32:57,5.9485,80.5353,298.07,72,100,6.29
260,Acapulco,MX,2022-12-07 23:32:58,16.8634,-99.8901,302.05,74,0,2.57
261,Umm Kaddadah,SD,2022-12-07 23:32:59,13.6017,26.6876,287.95,22,3,5.46
262,Fereydun Kenar,IR,2022-12-07 23:32:59,36.6864,52.5225,282.24,73,14,2.4
263,Aswan,EG,2022-12-07 23:34:00,24.0934,32.907,286.76,44,0,2.57
264,Tondano,ID,2022-12-07 23:34:00,1.3038,124.9112,296.2,76,99,0.61
265,Shingu,JP,2022-12-07 23:34:01,33.7333,135.9833,283.5,60,0,1.68
266,Bossangoa,CF,2022-12-07 23:34:02,6.4926,17.4552,294.45,30,86,1.38
267,Yamada,JP,2022-12-07 23:34:02,39.4667,141.95,278.84,68,60,2.6
268,Victor Harbor,AU,2022-12-07 23:34:03,-35.5667,138.6167,289.82,57,55,1.34
269,Tuatapere,NZ,2022-12-07 23:34:04,-46.1333,167.6833,291.62,60,100,3.31
270,Hamilton,US,2022-12-07 23:29:17,39.1834,-84.5333,283.95,91,100,1.54
271,Hay River,CA,2022-12-07 23:30:25,60.8156,-115.7999,243.14,69,20,1.03
272,Colares,PT,2022-12-07 23:34:05,38.7992,-9.4469,289.13,96,60,7.6
273,Verkhnyaya Toyma,RU,2022-12-07 23:34:06,62.2349,44.9985,262.42,91,88,2.08
274,Mumford,GH,2022-12-07 23:34:07,5.2618,-0.759,299.61,85,63,3.85
275,Verkhnyaya Inta,RU,2022-12-07 23:34:07,65.9811,60.3094,263.51,93,100,9.14
276,Vanimo,PG,2022-12-07 23:34:08,-2.6741,141.3028,298.02,92,100,1.16
277,Mayumba,GA,2022-12-07 23:34:08,-3.432,10.6554,297.15,90,100,1.4
278,Constitucion,CL,2022-12-07 23:34:09,-35.3333,-72.4167,288.68,92,19,2.21
279,Nishihara,JP,2022-12-07 23:34:09,26.1842,127.7558,294.18,71,75,9.77
280,Pacific Grove,US,2022-12-07 23:34:10,36.6177,-121.9166,287.83,73,40,3.09
281,Amazar,RU,2022-12-07 23:34:10,53.858,120.875,247.64,97,15,1.42
282,Broome,US,2022-12-07 23:34:11,42.2506,-75.833,284.27,84,100,3.6
283,Komsomolskiy,UZ,2022-12-07 23:34:12,40.4272,71.7189,273.55,86,75,1.03
284,Souillac,MU,2022-12-07 23:34:12,-20.5167,57.5167,298.36,83,75,5.66
285,Taltal,CL,2022-12-07 23:34:13,-25.4,-70.4833,291.15,82,58,0.9
286,Aripuana,BR,2022-12-07 23:34:13,-9.1667,-60.6333,298.61,79,96,0.91
287,Basoko,CD,2022-12-07 23:34:14,1.2391,23.616,294.41,92,100,1.25
288,Lavrentiya,RU,2022-12-07 23:34:14,65.5833,-171.0,262.88,83,59,3.75
289,Provideniya,RU,2022-12-07 23:32:14,64.3833,-173.3,266.21,73,75,3.13
290,Kathu,TH,2022-12-07 23:34:15,7.9178,98.3332,298.05,83,65,4.25
291,Cabo San Lucas,MX,2022-12-07 23:32:36,22.8909,-109.9124,301.82,75,20,4.12
292,Mezen,RU,2022-12-07 23:34:16,65.8522,44.24,263.76,96,91,2.86
293,Tautira,PF,2022-12-07 23:34:17,-17.7333,-149.15,299.35,82,88,7.7
294,Panjakent,TJ,2022-12-07 23:34:17,39.4952,67.6093,272.77,97,100,0.14
295,Johi,PK,2022-12-07 23:34:18,26.6921,67.6133,292.51,28,0,0.23
296,Saint-Michel-Des-Saints,CA,2022-12-07 23:30:44,46.6834,-73.9159,274.23,99,100,2.02
297,Tarauaca,BR,2022-12-07 23:34:19,-8.1614,-70.7656,296.29,91,87,1.04
298,Kaduqli,SD,2022-12-07 23:34:19,11.0167,29.7167,294.26,22,21,5.56
299,Ewa Beach,US,2022-12-07 23:34:20,21.3156,-158.0072,301.12,64,0,8.75
300,Rio De Janeiro,BR,2022-12-07 23:33:17,-22.9028,-43.2075,298.68,87,40,3.09
301,Ketchikan,US,2022-12-07 23:34:21,55.3422,-131.6461,280.14,87,100,7.2
302,Isangel,VU,2022-12-07 23:34:22,-19.55,169.2667,304.21,74,75,2.06
303,Karatuzskoye,RU,2022-12-07 23:34:23,53.6072,92.8667,248.39,99,50,0.59
304,Senador Jose Porfirio,BR,2022-12-07 23:34:23,-2.5908,-51.9542,300.04,71,95,1.64
305,Vardo,NO,2022-12-07 23:34:24,70.3705,31.1107,274.14,100,100,10.29
306,Plettenberg Bay,ZA,2022-12-07 23:31:11,-34.0527,23.3716,289.1,84,1,1.57
307,Port Hedland,AU,2022-12-07 23:31:41,-20.3167,118.5667,302.18,51,2,5.14
308,Saint George,US,2022-12-07 23:35:25,37.1041,-113.5841,282.01,71,75,3.58
309,Bonavista,CA,2022-12-07 23:35:25,48.6499,-53.1147,276.03,85,100,4.89
310,Severo-Kurilsk,RU,2022-12-07 23:35:26,50.6789,156.125,271.15,64,95,10.07
311,Nhulunbuy,AU,2022-12-07 23:35:26,-12.2333,136.7667,303.49,66,99,3.09
312,Bengkulu,ID,2022-12-07 23:35:27,-3.8004,102.2655,297.34,89,96,1.82
313,Toora-Khem,RU,2022-12-07 23:35:28,52.4675,96.11,241.44,100,81,0.29
314,Flinders,AU,2022-12-07 23:35:28,-34.5833,150.8552,293.81,57,22,2.68
315,Ondjiva,AO,2022-12-07 23:35:29,-17.0667,15.7333,296.34,31,50,3.24
316,Laguna,US,2022-12-07 23:35:29,38.421,-121.4238,288.31,55,0,1.54
317,Celestun,MX,2022-12-07 23:35:30,20.8667,-90.4,299.27,77,6,7.63
318,Lubyany,RU,2022-12-07 23:35:30,56.0378,51.4,252.99,99,32,1.94
319,Lata,PT,2022-12-07 23:33:24,40.1629,-8.3327,286.44,91,99,3.51
320,Batagay-Alyta,RU,2022-12-07 23:35:31,67.8006,130.4114,246.34,92,100,0.62
321,Batagay,RU,2022-12-07 23:35:32,67.6333,134.6333,240.93,98,100,0.98
322,Bambanglipuro,ID,2022-12-07 23:35:32,-7.95,110.2833,299.38,81,100,1.18
323,Dunedin,NZ,2022-12-07 23:35:33,-45.8742,170.5036,286.93,68,100,5.36
324,Porto Torres,IT,2022-12-07 23:35:33,40.835,8.3972,280.25,77,98,2.23
325,La Orilla,MX,2022-12-07 23:35:34,17.9833,-102.2333,299.43,74,1,2.68
326,Saint-Augustin,CA,2022-12-07 23:35:35,51.226,-58.6502,271.62,91,100,2.48
327,Muisne,EC,2022-12-07 23:35:35,0.6,-80.0333,296.67,82,91,3.82
328,Sinnamary,GF,2022-12-07 23:35:36,5.3833,-52.95,299.11,87,77,5.07
329,Lahij,YE,2022-12-07 23:35:36,13.1667,44.5833,294.28,83,50,1.91
330,Torbay,CA,2022-12-07 23:30:44,47.6666,-52.7314,276.35,97,100,3.58
331,Mandalgovi,MN,2022-12-07 23:35:37,45.7625,106.2708,259.33,56,0,2.27
332,Santa Cruz,BO,2022-12-07 23:34:21,-17.8,-63.1667,303.18,62,75,5.66
333,Ola,RU,2022-12-07 23:35:38,59.5833,151.2833,257.22,97,100,3.5
334,Oistins,BB,2022-12-07 23:33:05,13.0667,-59.5333,297.88,83,20,3.09
335,Hasaki,JP,2022-12-07 23:35:39,35.7333,140.8333,279.37,44,0,5.05
336,Grand Gaube,MU,2022-12-07 23:35:39,-20.0064,57.6608,298.37,77,28,2.68
337,Santa Ana,US,2022-12-07 23:35:33,33.7456,-117.8678,291.16,58,20,4.63
338,Norman Wells,CA,2022-12-07 23:35:40,65.282,-126.8329,236.17,67,20,2.57
339,Auki,SB,2022-12-07 23:35:41,-8.7676,160.7034,302.37,70,98,1.04
340,Ordzhonikidze,KZ,2022-12-07 23:35:41,52.4411,61.7408,253.79,88,87,2.17
341,Yerofey Pavlovich,RU,2022-12-07 23:35:42,53.9667,121.9667,247.48,95,14,1.24
342,Vila,PT,2022-12-07 23:35:43,42.0304,-8.1588,280.76,81,100,3.99
343,Kisangani,CD,2022-12-07 23:35:07,0.5167,25.2,294.31,99,100,0.73
344,Port-Cartier,CA,2022-12-07 23:35:45,50.0334,-66.8654,276.27,99,100,2.92
345,Alyangula,AU,2022-12-07 23:35:45,-13.8483,136.4192,303.27,58,97,3.73
346,Kargil,IN,2022-12-07 23:35:46,34.5667,76.1,267.71,40,99,0.57
347,Fairbanks,US,2022-12-07 23:35:46,64.8378,-147.7164,267.16,89,100,0.0
348,Polunochnoye,RU,2022-12-07 23:35:47,60.8697,60.4153,265.26,72,100,3.78
349,Dikson,RU,2022-12-07 23:35:48,73.5069,80.5464,247.66,96,95,7.85
350,Grand-Santi,GF,2022-12-07 23:35:48,4.25,-54.3833,299.02,67,49,1.25
351,Lorengau,PG,2022-12-07 23:35:49,-2.0226,147.2712,300.82,80,98,3.45
352,Romny,UA,2022-12-07 23:35:50,50.751,33.4747,270.14,96,100,6.18
353,Dhidhdhoo,MV,2022-12-07 23:34:05,6.8833,73.1,300.13,74,100,1.36
354,Agadez,NE,2022-12-07 23:36:51,19.75,10.25,291.48,18,37,1.82
355,Taoudenni,ML,2022-12-07 23:36:51,22.6783,-3.9836,300.66,14,100,2.53
356,Vaitape,PF,2022-12-07 23:36:52,-16.5167,-151.75,300.1,77,100,8.01
357,Petropavlovskoye,RU,2022-12-07 23:36:52,52.0712,84.107,246.79,97,51,1.8
358,Pulawy,PL,2022-12-07 23:36:53,51.4166,21.9694,274.0,93,84,1.79
359,Okhotsk,RU,2022-12-07 23:33:30,59.3833,143.3,244.56,91,54,3.4
360,Puerto Penasco,MX,2022-12-07 23:34:42,31.3167,-113.5333,291.17,41,65,1.86
361,Chipinge,ZW,2022-12-07 23:36:55,-20.1883,32.6236,290.62,96,100,1.77
362,Tahoua,NE,2022-12-07 23:36:56,14.8888,5.2692,294.88,15,0,5.26
363,Saint Pete Beach,US,2022-12-07 23:36:56,27.7253,-82.7412,297.18,69,0,4.12
364,Port Blair,IN,2022-12-07 23:36:57,11.6667,92.75,298.7,84,70,3.24
365,Rock Sound,BS,2022-12-07 23:36:58,24.9,-76.2,298.25,65,15,8.57
366,Marsabit,KE,2022-12-07 23:36:59,2.3284,37.9899,292.31,71,43,4.08
367,Ertil,RU,2022-12-07 23:36:59,51.8406,40.8056,263.49,62,0,7.01
368,Chokwe,MZ,2022-12-07 23:37:00,-24.5333,32.9833,296.81,81,8,2.61
369,Sobolevo,RU,2022-12-07 23:37:00,54.4299,31.8996,268.91,95,100,7.66
370,Hofn,IS,2022-12-07 23:37:01,64.2539,-15.2082,270.31,59,6,9.17
371,Tukrah,LY,2022-12-07 23:37:01,32.5341,20.5791,292.8,55,66,4.88
372,Serra,BR,2022-12-07 23:32:04,-20.1286,-40.3078,295.85,94,100,4.12
373,Togur,RU,2022-12-07 23:37:02,58.3631,82.8265,258.02,92,100,5.0
374,Namibe,AO,2022-12-07 23:37:03,-15.1961,12.1522,293.18,78,7,1.92
375,Sandomierz,PL,2022-12-07 23:37:04,50.6827,21.749,276.85,89,99,4.68
376,Lagdo,CM,2022-12-07 23:37:04,9.05,13.7333,295.82,21,97,1.64
377,Mayo,US,2022-12-07 23:33:15,38.8876,-76.5119,287.21,95,100,0.45
378,Tecoanapa,MX,2022-12-07 23:37:05,16.5167,-98.75,299.85,75,5,2.99
379,Trairi,BR,2022-12-07 23:36:06,-3.2778,-39.2689,299.86,80,84,5.81
380,Te Anau,NZ,2022-12-07 23:37:06,-45.4167,167.7167,286.93,88,100,1.84
381,Honiara,SB,2022-12-07 23:37:07,-9.4333,159.95,303.23,69,91,1.7
382,Watsa,CD,2022-12-07 23:37:08,3.0372,29.5355,290.44,95,33,1.09
383,Mana,GF,2022-12-07 23:37:08,5.6592,-53.7767,298.66,87,58,4.24
384,Otjimbingwe,NA,2022-12-07 23:37:09,-22.35,16.1333,290.6,46,0,1.15
385,Campbell River,CA,2022-12-07 23:37:09,50.0163,-125.2446,278.4,100,100,4.63
386,Katherine,AU,2022-12-07 23:37:10,-14.4667,132.2667,302.33,65,89,3.6
387,Iqaluit,CA,2022-12-07 23:37:10,63.7506,-68.5145,263.0,78,100,5.66
388,Araouane,ML,2022-12-07 23:36:17,18.9048,-3.5265,297.94,17,26,3.68
389,Kununurra,AU,2022-12-07 23:37:11,-15.7667,128.7333,303.14,79,27,2.06
390,Necochea,AR,2022-12-07 23:37:12,-38.5473,-58.7368,292.11,88,85,6.2
391,Bandarbeyla,SO,2022-12-07 23:37:12,9.4942,50.8122,297.82,79,84,6.39
392,Yulara,AU,2022-12-07 23:37:13,-25.2406,130.9889,301.27,20,72,8.59
393,Fukue,JP,2022-12-07 23:37:14,32.6881,128.8419,280.35,81,75,2.06
394,Rio Gallegos,AR,2022-12-07 23:37:14,-51.6226,-69.2181,285.18,50,0,5.14
395,Olkhovka,RU,2022-12-07 23:37:15,53.2115,60.6069,252.43,90,15,2.45
396,Bud,US,2022-12-07 23:37:15,39.447,-86.1758,281.3,91,100,2.32
397,Quatre Cocos,MU,2022-12-07 23:37:16,-20.2078,57.7625,298.21,83,47,7.97
398,Lianzhou,CN,2022-12-07 23:37:16,24.7811,112.3825,282.93,88,97,1.43
399,Evensk,RU,2022-12-07 23:34:47,61.95,159.2333,260.29,96,100,4.42
400,Balaghat,IN,2022-12-07 23:38:17,21.8,80.1833,285.09,45,84,2.98
401,San Carlos De Bariloche,AR,2022-12-07 23:38:19,-41.1456,-71.3082,286.01,88,40,8.75
402,Grindavik,IS,2022-12-07 23:38:19,63.8424,-22.4338,271.41,74,20,2.57
403,Manzanillo,CU,2022-12-07 23:38:20,20.3433,-77.1167,297.03,59,4,7.17
404,Dali,CN,2022-12-07 23:38:20,25.7,100.1833,278.05,80,26,0.99
405,Kamaishi,JP,2022-12-07 23:38:21,39.2667,141.8833,278.71,67,57,3.48
406,Ranong,TH,2022-12-07 23:38:21,9.9658,98.6348,297.11,91,92,2.76
407,Kawalu,ID,2022-12-07 23:38:22,-7.3817,108.2082,296.8,89,100,0.61
408,Khabary,RU,2022-12-07 23:38:23,53.6259,79.5345,248.6,99,42,2.49
409,Tukums,LV,2022-12-07 23:33:56,56.9669,23.1553,272.79,98,100,4.36
410,Strezhevoy,RU,2022-12-07 23:38:24,60.7333,77.5889,257.59,92,100,5.04
411,Sovetskaya,RU,2022-12-07 23:38:25,44.7769,41.1722,272.09,84,58,6.98
412,Qaqortoq,GL,2022-12-07 23:38:25,60.7167,-46.0333,266.03,73,97,2.38
413,Tottori,JP,2022-12-07 23:38:26,35.5,134.2333,281.19,66,20,1.54
414,Santa Catarina De Tepehuanes,MX,2022-12-07 23:38:26,25.35,-105.7333,291.01,34,9,4.6
415,Batemans Bay,AU,2022-12-07 23:38:27,-35.7167,150.1833,290.43,29,44,5.34
416,Huilong,CN,2022-12-07 23:38:27,31.8111,121.655,283.11,72,100,2.65
417,Canby,US,2022-12-07 23:38:28,45.2629,-122.6926,278.12,83,100,1.54
418,Vitim,RU,2022-12-07 23:38:29,59.4511,112.5578,261.77,93,100,6.02
419,Suhbaatar,MN,2022-12-07 23:34:18,50.2314,106.2078,253.92,91,99,1.83
420,Tambovka,RU,2022-12-07 23:38:29,50.0969,128.0489,250.61,92,20,3.17
421,Kuzhener,RU,2022-12-07 23:38:30,56.8111,48.9128,257.16,93,52,3.57
422,Roald,NO,2022-12-07 23:35:31,62.5833,6.1333,276.35,93,75,5.14
423,Sistranda,NO,2022-12-07 23:38:31,63.7256,8.834,273.13,61,100,9.33
424,Cienfuegos,CU,2022-12-07 23:38:31,22.1461,-80.4356,296.23,73,49,2.57
425,Kampong Thum,KH,2022-12-07 23:38:32,12.7111,104.8887,296.5,82,99,2.58
426,Fengzhen,CN,2022-12-07 23:38:32,40.4394,113.1536,266.32,41,12,1.14
427,Walvis Bay,NA,2022-12-07 23:38:33,-22.9575,14.5053,288.2,88,0,2.57
428,Lagoa,PT,2022-12-07 23:38:33,39.05,-27.9833,288.74,80,19,7.48
429,Manadhoo,MV,2022-12-07 23:38:34,5.7667,73.3833,299.98,76,97,2.3
430,Yelatma,RU,2022-12-07 23:38:35,54.9675,41.7508,261.85,81,9,5.31
431,Beyneu,KZ,2022-12-07 23:38:35,45.3167,55.2,265.47,65,3,4.5
432,Gobabis,NA,2022-12-07 23:38:36,-22.45,18.9667,291.9,20,2,1.59
433,Hambantota,LK,2022-12-07 23:38:36,6.1241,81.1185,298.81,65,100,4.45
434,San Ramon,US,2022-12-07 23:38:37,37.7799,-121.978,288.12,62,75,4.12
435,Pedreiras,BR,2022-12-07 23:38:38,-4.5688,-44.6003,298.54,61,46,0.97
436,Likasi,CD,2022-12-07 23:38:38,-10.9814,26.7333,289.91,85,70,0.81
437,Bauchi,NG,2022-12-07 23:38:39,10.5,10.0,291.6,28,77,2.23
438,Bojnurd,IR,2022-12-07 23:38:39,37.4747,57.329,272.12,80,0,2.06
439,Athabasca,CA,2022-12-07 23:38:40,54.7169,-113.2854,262.38,95,86,0.86
440,Conceicao Da Barra,BR,2022-12-07 23:38:40,-18.5933,-39.7322,296.24,94,98,2.36
441,Makakilo City,US,2022-12-07 23:38:41,21.3469,-158.0858,300.33,64,0,8.75
442,Kaeo,NZ,2022-12-07 23:38:41,-35.1,173.7833,288.83,95,100,8.9
443,Nanortalik,GL,2022-12-07 23:38:42,60.1432,-45.2371,270.1,77,99,2.2
444,Ixtapa,MX,2022-12-07 23:38:42,20.7,-105.2,300.72,74,40,4.12
445,Codrington,AU,2022-12-07 23:38:43,-38.2667,141.9667,285.73,57,84,7.32
446,Itapetininga,BR,2022-12-07 23:38:44,-23.5917,-48.0531,292.92,96,29,3.75
447,Feldkirchen,DE,2022-12-07 23:35:03,48.148,11.7434,273.9,93,66,0.45
448,Padang,ID,2022-12-07 23:39:45,-0.9492,100.3543,297.73,88,100,1.55
449,Itoman,JP,2022-12-07 23:39:45,26.1247,127.6694,294.58,70,75,9.77
450,Ous,RU,2022-12-07 23:39:46,60.9058,61.5186,265.76,77,100,3.95
451,Esmeraldas,BR,2022-12-07 23:39:47,-19.7625,-44.3139,293.73,96,67,0.9
452,Sisimiut,GL,2022-12-07 23:39:47,66.9395,-53.6735,271.86,80,100,5.29
453,Nichinan,JP,2022-12-07 23:39:48,31.6,131.3667,277.97,61,18,2.47
454,Bonthe,SL,2022-12-07 23:39:48,7.5264,-12.505,299.26,83,52,2.86
455,Nanchong,CN,2022-12-07 23:39:49,30.7951,106.0847,281.3,71,68,1.18
456,Wasilla,US,2022-12-07 23:39:50,61.5814,-149.4394,270.96,96,100,5.14
457,Madinat Sittah Uktubar,EG,2022-12-07 23:39:50,29.8167,31.05,287.93,62,0,0.71
458,Bilma,NE,2022-12-07 23:39:51,18.6853,12.9164,292.5,21,29,1.95
459,Baoqing,CN,2022-12-07 23:39:51,46.3317,132.2111,260.26,84,12,1.71
460,Gat,IL,2022-12-07 23:39:52,31.61,34.7642,288.37,100,13,0.43
461,Santa Maria,BR,2022-12-07 23:39:53,-29.6842,-53.8069,297.76,69,0,2.57
462,Vilhena,BR,2022-12-07 23:39:54,-12.7406,-60.1458,299.27,83,40,2.57
463,Zhigansk,RU,2022-12-07 23:39:54,66.7697,123.3711,236.33,98,32,3.74
464,Nara,JP,2022-12-07 23:39:55,34.6851,135.8049,282.02,48,6,2.13
465,Luan,CH,2022-12-07 23:39:55,46.3592,6.9759,270.89,86,34,0.93
466,Inhambane,MZ,2022-12-07 23:39:56,-23.865,35.3833,297.75,87,18,3.03
467,San Juan Del Sur,NI,2022-12-07 23:35:30,11.2529,-85.8705,300.27,74,40,2.06
468,Nantucket,US,2022-12-07 23:39:10,41.2835,-70.0995,286.18,95,100,9.4
469,Yarada,IN,2022-12-07 23:39:57,17.65,83.2667,295.33,56,40,1.03
470,Hami,CN,2022-12-07 23:39:58,42.8,93.45,267.69,48,32,2.47
471,Kimbe,PG,2022-12-07 23:39:58,-5.5502,150.1429,301.7,77,74,1.75
472,El Prat De Llobregat,ES,2022-12-07 23:39:59,41.3278,2.0947,286.34,84,20,3.09
473,Santa Fe,AR,2022-12-07 23:40:00,-31.6333,-60.7,308.15,43,39,2.68
474,Arkhangelskoye,RU,2022-12-07 23:40:00,55.8549,35.3287,265.71,89,99,6.38
475,Kyshtovka,RU,2022-12-07 23:40:01,56.555,76.6271,253.46,93,81,3.84
476,Bodden Town,KY,2022-12-07 23:40:02,19.2833,-81.25,300.15,74,20,7.2
477,Ojinaga,MX,2022-12-07 23:40:03,29.5667,-104.4167,298.47,57,0,4.12
478,Bijie,CN,2022-12-07 23:40:03,27.3125,105.2942,276.84,91,100,1.68
479,Penzance,GB,2022-12-07 23:36:31,50.1186,-5.5371,276.53,66,57,1.89
480,Nemuro,JP,2022-12-07 23:40:04,43.3236,145.575,273.79,57,83,2.37
481,Tutoia,BR,2022-12-07 23:40:05,-2.7619,-42.2744,299.97,84,38,5.52
482,Banjar,ID,2022-12-07 23:40:05,-8.19,114.9675,300.42,79,76,0.64
483,Marzuq,YE,2022-12-07 23:40:06,14.4,46.4667,289.24,65,10,0.98
484,Chickasha,US,2022-12-07 23:40:07,35.0526,-97.9364,282.67,93,100,3.6
485,Pringsewu,ID,2022-12-07 23:40:07,-5.3582,104.9744,296.46,95,100,1.31
486,Cambrils,ES,2022-12-07 23:40:08,41.0748,1.0524,285.27,81,0,2.06
487,Pachino,IT,2022-12-07 23:40:09,36.7186,15.0907,288.25,72,4,2.01
488,Lastoursville,GA,2022-12-07 23:40:09,-0.8143,12.7287,295.22,97,100,0.97
489,Maarianhamina,AX,2022-12-07 23:40:10,60.0973,19.9348,270.07,86,0,2.57
490,Minuwangoda,LK,2022-12-07 23:40:10,7.1663,79.9533,297.11,94,100,1.03
491,Itapirapua,BR,2022-12-07 23:41:11,-15.8233,-50.6133,297.15,72,84,1.24
492,Poum,NC,2022-12-07 23:41:12,-20.2333,164.0167,299.9,78,28,2.95
493,Zhangjiakou,CN,2022-12-07 23:41:12,40.81,114.8794,267.81,66,53,1.99
494,Gwadar,PK,2022-12-07 23:41:13,25.1216,62.3254,296.25,67,0,3.15
495,Mahajanga,MG,2022-12-07 23:41:14,-15.7167,46.3167,298.16,94,20,2.06
496,Tres Palos,MX,2022-12-07 23:41:14,18.1833,-101.6167,297.31,78,9,1.91
497,Gornoye Loo,RU,2022-12-07 23:41:15,43.7129,39.6049,281.03,66,84,2.27
498,Tabuk,PH,2022-12-07 23:41:15,17.4189,121.4443,296.82,92,100,1.34
499,Brandon,US,2022-12-07 23:41:16,27.9378,-82.2859,297.65,72,0,0.89
500,Jibuti,DJ,2022-12-07 23:41:17,11.5,42.5,293.19,77,14,5.22
501,Sioux Lookout,CA,2022-12-07 23:41:17,50.1001,-91.917,248.19,77,20,2.06
502,Sao Miguel Do Araguaia,BR,2022-12-07 23:41:18,-13.275,-50.1628,300.48,59,100,1.2
503,Dawlatabad,AF,2022-12-07 23:41:18,36.4141,64.9053,274.99,97,100,2.09
504,Yagodnoye,RU,2022-12-07 23:41:19,62.55,149.6667,234.83,100,87,1.26
505,Merauke,ID,2022-12-07 23:41:19,-8.4667,140.3333,301.43,68,100,3.18
506,Itarema,BR,2022-12-07 23:41:20,-2.9248,-39.9167,299.95,80,81,6.85
507,Pudozh,RU,2022-12-07 23:41:20,61.8099,36.5345,265.27,88,79,4.03
508,Bealanana,MG,2022-12-07 23:41:21,-14.55,48.7333,290.53,89,51,2.1
509,Taree,AU,2022-12-07 23:41:22,-31.9,152.4667,299.85,44,18,2.52
510,Iralaya,HN,2022-12-07 23:41:22,15.0,-83.2333,297.72,83,3,4.62
511,Bairiki,KI,2022-12-07 23:41:23,1.3292,172.9752,304.15,70,40,5.14
512,Gotsu,JP,2022-12-07 23:41:23,35.0,132.2167,284.86,55,9,5.71
513,Port Lincoln,AU,2022-12-07 23:41:24,-34.7333,135.8667,288.72,52,8,5.3
514,Barcelos,PT,2022-12-07 23:37:18,41.5388,-8.6151,286.23,85,100,4.96
515,Green River,US,2022-12-07 23:38:53,41.5286,-109.4662,270.37,81,18,1.17
516,Shu,KZ,2022-12-07 23:41:25,43.5983,73.7614,268.05,93,100,1.44
517,Saraland,US,2022-12-07 23:41:26,30.8207,-88.0706,296.55,81,57,1.91
518,Olinda,BR,2022-12-07 23:41:27,-8.0089,-34.8553,300.0,69,20,4.12
519,Damietta,EG,2022-12-07 23:41:27,31.4165,31.8133,289.09,70,5,1.35
520,Xushan,CN,2022-12-07 23:41:28,30.1764,121.2457,286.46,80,91,1.67
521,Basco,PH,2022-12-07 23:41:28,20.4487,121.9702,299.22,77,90,9.52
522,Costa Rica,BR,2022-12-07 23:41:29,-23.4167,-54.65,298.41,76,58,0.96
523,Manuk Mangkaw,PH,2022-12-07 23:41:29,4.8,119.85,300.6,79,49,3.54
524,Birecik,TR,2022-12-07 23:41:30,37.0294,37.9903,282.71,73,100,1.65
525,Pyay,MM,2022-12-07 23:41:30,18.8167,95.2167,294.58,76,100,2.39
526,Viedma,AR,2022-12-07 23:41:31,-40.8135,-62.9967,297.92,43,99,4.1
527,Beloha,MG,2022-12-07 23:41:31,-25.1667,45.05,296.84,81,0,1.82
528,Presidente Dutra,BR,2022-12-07 23:41:32,-5.29,-44.49,298.5,66,33,1.31
529,Katangli,RU,2022-12-07 23:41:33,51.7102,143.2326,253.29,97,43,3.44
530,Leningradskiy,RU,2022-12-07 23:41:33,69.3833,178.4167,250.95,97,100,3.55
531,Samarinda,ID,2022-12-07 23:41:34,-0.5,117.15,297.37,94,100,0.51
532,Hornepayne,CA,2022-12-07 23:41:34,49.2138,-84.7705,252.62,97,72,1.37
533,Inuvik,CA,2022-12-07 23:41:35,68.3499,-133.7218,245.71,73,20,2.57
